pitcher_id,pitcher,n,intent_share,actual_share,designed_share,accidental_share,conversion,acc_given_actual
434378,Justin Verlander,992.0,0.2852822580645161,0.38306451612903225,0.15725806451612903,0.22580645161290322,0.5512367491166078,0.5894736842105263
450203,Charlie Morton,1134.0,0.3747795414462081,0.400352733686067,0.2054673721340388,0.1948853615520282,0.548235294117647,0.486784140969163
453286,Max Scherzer,690.0,0.2782608695652174,0.41304347826086957,0.14492753623188406,0.26811594202898553,0.5208333333333334,0.6491228070175439
477132,Clayton Kershaw,802.0,0.29925187032418954,0.3054862842892768,0.10099750623441396,0.20448877805486285,0.3375,0.6693877551020408
500779,Jose Quintana,931.0,0.3233082706766917,0.3727175080558539,0.16648764769065522,0.20622986036519872,0.5149501661129569,0.553314121037464
506433,Yu Darvish,559.0,0.12880143112701253,0.27549194991055453,0.0518783542039356,0.22361359570661896,0.4027777777777778,0.8116883116883117
518876,Merrill Kelly,1453.0,0.32415691672401925,0.3496214728148658,0.17894012388162422,0.17068134893324158,0.5520169851380042,0.4881889763779528
519242,Chris Sale,637.0,0.25274725274725274,0.3783359497645212,0.130298273155416,0.24803767660910517,0.515527950310559,0.6556016597510373
527048,Martín Pérez,425.0,0.08470588235294117,0.1976470588235294,0.04941176470588235,0.14823529411764705,0.5833333333333334,0.75
542881,Tyler Anderson,1123.0,0.40872662511130897,0.41050756901157615,0.20837043633125557,0.20213713268032057,0.5098039215686274,0.4924078091106291
542888,Shawn Armstrong,572.0,0.2534965034965035,0.2937062937062937,0.1346153846153846,0.1590909090909091,0.5310344827586206,0.5416666666666666
543135,Nathan Eovaldi,914.0,0.3336980306345733,0.3949671772428884,0.18708971553610504,0.20787746170678337,0.5606557377049181,0.5263157894736842
543243,Sonny Gray,1294.0,0.2604327666151468,0.366306027820711,0.14142194744976816,0.22488408037094282,0.543026706231454,0.6139240506329114
543294,Kyle Hendricks,1067.0,0.11527647610121837,0.17432052483598875,0.03748828491096532,0.13683223992502344,0.3252032520325203,0.7849462365591398
547179,Michael Lorenzen,1275.0,0.3380392156862745,0.3411764705882353,0.156078431372549,0.18509803921568627,0.4617169373549884,0.542528735632184
554430,Zack Wheeler,1131.0,0.4332449160035367,0.4562334217506631,0.2696728558797524,0.1865605658709107,0.6224489795918368,0.40891472868217055
571510,Matthew Boyd,1309.0,0.2849503437738732,0.33689839572192515,0.12299465240641712,0.21390374331550802,0.4316353887399464,0.6349206349206349
571578,Patrick Corbin,1432.0,0.3743016759776536,0.35824022346368717,0.1941340782122905,0.16410614525139663,0.5186567164179104,0.4580896686159844
571760,Andrew Heaney,794.0,0.5088161209068011,0.380352644836272,0.25566750629722923,0.12468513853904283,0.5024752475247525,0.32781456953642385
571927,Steven Matz,408.0,0.33578431372549017,0.39705882352941174,0.1642156862745098,0.23284313725490197,0.48905109489051096,0.5864197530864198
571945,Miles Mikolas,1394.0,0.25538020086083213,0.35294117647058826,0.15208034433285508,0.20086083213773315,0.5955056179775281,0.5691056910569106
571948,Hoby Milner,444.0,0.08108108108108109,0.22522522522522523,0.0472972972972973,0.17792792792792791,0.5833333333333334,0.79
579328,Yusei Kikuchi,1318.0,0.37177541729893776,0.334597875569044,0.1449165402124431,0.18968133535660092,0.38979591836734695,0.5668934240362812
592094,Jason Adam,480.0,0.55,0.44166666666666665,0.29791666666666666,0.14375,0.5416666666666666,0.32547169811320753
592332,Kevin Gausman,999.0,0.5285285285285285,0.4004004004004004,0.2172172172172172,0.1831831831831832,0.4109848484848485,0.4575
592662,Robbie Ray,991.0,0.3622603430877901,0.35822401614530774,0.1856710393541877,0.17255297679112008,0.5125348189415042,0.48169014084507045
592791,Jameson Taillon,1016.0,0.3799212598425197,0.4281496062992126,0.2372047244094488,0.19094488188976377,0.6243523316062176,0.4459770114942529
592836,Taijuan Walker,914.0,0.35120350109409193,0.34573304157549234,0.16411378555798686,0.18161925601750548,0.4672897196261682,0.5253164556962026
592866,Trevor Williams,582.0,0.42439862542955326,0.46563573883161513,0.2611683848797251,0.20446735395189003,0.6153846153846154,0.43911439114391143
593958,Eduardo Rodriguez,1033.0,0.2526621490803485,0.3281703775411423,0.13649564375605033,0.19167473378509198,0.5402298850574713,0.584070796460177
594798,Jacob deGrom,923.0,0.6522210184182016,0.5373781148429035,0.41170097508125675,0.1256771397616468,0.6312292358803987,0.23387096774193547
596295,Austin Gomber,455.0,0.15604395604395604,0.2813186813186813,0.06153846153846154,0.21978021978021978,0.39436619718309857,0.78125
601713,Nick Pivetta,1091.0,0.23556370302474794,0.4032997250229148,0.14390467461044912,0.25939505041246563,0.6108949416342413,0.6431818181818182
605130,Scott Barlow,642.0,0.42990654205607476,0.37850467289719625,0.2398753894080997,0.13862928348909656,0.5579710144927537,0.3662551440329218
605135,Chris Bassitt,1401.0,0.20413990007137758,0.31334760885082086,0.10635260528194147,0.20699500356887937,0.5209790209790209,0.6605922551252847
605280,Clay Holmes,1153.0,0.20815264527320035,0.30875975715524717,0.10060711188204684,0.20815264527320035,0.48333333333333334,0.6741573033707865
605288,Adrian Houser,905.0,0.24419889502762432,0.318232044198895,0.11491712707182321,0.20331491712707184,0.47058823529411764,0.6388888888888888
605400,Aaron Nola,838.0,0.23389021479713604,0.3317422434367542,0.1324582338902148,0.19928400954653938,0.5663265306122449,0.6007194244604317
605452,Joe Ross,400.0,0.445,0.3575,0.225,0.1325,0.5056179775280899,0.3706293706293706
605483,Blake Snell,443.0,0.636568848758465,0.4469525959367946,0.34085778781038373,0.10609480812641084,0.5354609929078015,0.23737373737373738
605488,Jeffrey Springs,1249.0,0.33066453162530024,0.41152922337870296,0.18094475580464373,0.23058446757405926,0.5472154963680388,0.5603112840466926
605540,Brandon Woodruff,434.0,0.2465437788018433,0.22580645161290322,0.0967741935483871,0.12903225806451613,0.3925233644859813,0.5714285714285714
607067,Colin Rea,1039.0,0.368623676612127,0.37247353224254093,0.2078922040423484,0.1645813282001925,0.5639686684073107,0.4418604651162791
607074,Carlos Rodón,1420.0,0.3598591549295775,0.3591549295774648,0.176056338028169,0.18309859154929578,0.4892367906066536,0.5098039215686274
607192,Tyler Glasnow,722.0,0.40166204986149584,0.39196675900277006,0.1925207756232687,0.1994459833795014,0.4793103448275862,0.508833922261484
607200,Erick Fedde,1052.0,0.19961977186311788,0.23193916349809887,0.08840304182509506,0.1435361216730038,0.44285714285714284,0.6188524590163934
607259,Nick Martinez,1414.0,0.4031117397454031,0.4073550212164074,0.23055162659123055,0.1768033946251768,0.5719298245614035,0.4340277777777778
607536,Kyle Freeland,1204.0,0.276578073089701,0.3579734219269103,0.16196013289036545,0.19601328903654486,0.5855855855855856,0.5475638051044084
607625,Seth Lugo,1219.0,0.20426579163248565,0.3223954060705496,0.09680065627563576,0.22559474979491387,0.4738955823293173,0.6997455470737913
608331,Max Fried,1496.0,0.19184491978609625,0.29812834224598933,0.06885026737967914,0.22927807486631016,0.3588850174216028,0.7690582959641256
608337,Lucas Giolito,930.0,0.5881720430107527,0.34946236559139787,0.22365591397849463,0.12580645161290321,0.3802559414990859,0.36
608372,Tomoyuki Sugano,1315.0,0.2623574144486692,0.3596958174904943,0.15361216730038021,0.20608365019011407,0.5855072463768116,0.572938689217759
608379,Michael Wacha,1481.0,0.3409858203916273,0.362592842673869,0.18906144496961513,0.17353139770425388,0.5544554455445545,0.478584729981378
608566,Germán Márquez,780.0,0.3858974358974359,0.3346153846153846,0.16923076923076924,0.16538461538461538,0.43853820598006643,0.4942528735632184
608718,Brent Suter,408.0,0.48284313725490197,0.39705882352941174,0.23039215686274508,0.16666666666666666,0.47715736040609136,0.41975308641975306
615698,Cal Quantrill,1048.0,0.4150763358778626,0.3148854961832061,0.17557251908396945,0.13931297709923665,0.42298850574712643,0.44242424242424244
621053,Tyler Ferguson,438.0,0.639269406392694,0.4452054794520548,0.3310502283105023,0.1141552511415525,0.5178571428571429,0.2564102564102564
621107,Zach Eflin,581.0,0.3407917383820998,0.387263339070568,0.18932874354561102,0.19793459552495696,0.5555555555555556,0.5111111111111111
621111,Walker Buehler,1094.0,0.36745886654478976,0.35740402193784276,0.1846435100548446,0.17276051188299818,0.5024875621890548,0.4833759590792839
621121,Lance McCullers Jr.,480.0,0.3145833333333333,0.37916666666666665,0.15,0.22916666666666666,0.4768211920529801,0.6043956043956044
621244,José Berríos,1168.0,0.22773972602739725,0.3039383561643836,0.13784246575342465,0.1660958904109589,0.6052631578947368,0.5464788732394367
621381,Matt Strahm,438.0,0.2671232876712329,0.3242009132420091,0.11643835616438356,0.20776255707762556,0.4358974358974359,0.6408450704225352
621383,Tanner Banks,476.0,0.27310924369747897,0.31092436974789917,0.13865546218487396,0.1722689075630252,0.5076923076923077,0.5540540540540541
622491,Luis Castillo,1217.0,0.34675431388660644,0.31306491372226786,0.16351684470008218,0.1495480690221857,0.471563981042654,0.4776902887139108
622554,Seranthony Domínguez,416.0,0.6081730769230769,0.35096153846153844,0.2644230769230769,0.08653846153846154,0.43478260869565216,0.2465753424657534
622608,Antonio Senzatela,726.0,0.4793388429752066,0.4132231404958678,0.24104683195592286,0.1721763085399449,0.5028735632183908,0.4166666666666667
622663,Luis Severino,1145.0,0.22532751091703057,0.31965065502183404,0.11179039301310044,0.20786026200873362,0.49612403100775193,0.6502732240437158
623474,Jimmy Herget,591.0,0.23519458544839256,0.2961082910321489,0.10152284263959391,0.19458544839255498,0.4316546762589928,0.6571428571428571
624133,Ranger Suarez,1140.0,0.32719298245614037,0.37280701754385964,0.1763157894736842,0.19649122807017544,0.5388739946380697,0.5270588235294118
641154,Pablo López,519.0,0.6319845857418112,0.5260115606936416,0.3622350674373796,0.16377649325626203,0.573170731707317,0.31135531135531136
641302,Tyler Alexander,788.0,0.2233502538071066,0.30456852791878175,0.10913705583756345,0.19543147208121828,0.48863636363636365,0.6416666666666667
641329,Bryan Baker,451.0,0.43237250554323725,0.3259423503325942,0.18625277161862527,0.13968957871396895,0.4307692307692308,0.42857142857142855
641745,Brad Keller,462.0,0.5822510822510822,0.39826839826839827,0.2532467532467532,0.14502164502164502,0.4349442379182156,0.3641304347826087
641778,Eric Lauer,852.0,0.3227699530516432,0.36032863849765256,0.17136150234741784,0.18896713615023475,0.5309090909090909,0.5244299674267101
641793,Zack Littell,1409.0,0.48616039744499645,0.38183108587650816,0.24059616749467708,0.14123491838183108,0.4948905109489051,0.36988847583643125
641816,Tyler Mahle,544.0,0.3547794117647059,0.4117647058823529,0.20955882352941177,0.20220588235294118,0.5906735751295337,0.49107142857142855
641927,Bailey Ober,887.0,0.45659526493799324,0.52423900789177,0.2807215332581736,0.24351747463359638,0.6148148148148148,0.4645161290322581
642152,Lou Trivino III,412.0,0.5072815533980582,0.41262135922330095,0.22572815533980584,0.18689320388349515,0.4449760765550239,0.45294117647058824
642207,Devin Williams,411.0,0.9610705596107056,0.6520681265206812,0.6228710462287105,0.029197080291970802,0.6481012658227848,0.04477611940298507
642232,Ryan Yarbrough,479.0,0.2776617954070981,0.325678496868476,0.12108559498956159,0.2045929018789144,0.43609022556390975,0.6282051282051282
642547,Freddy Peralta,1086.0,0.4539594843462247,0.39042357274401474,0.23572744014732966,0.15469613259668508,0.5192697768762677,0.39622641509433965
642701,Dennis Santana,435.0,0.45057471264367815,0.3057471264367816,0.19310344827586207,0.11264367816091954,0.42857142857142855,0.3684210526315789
643377,Griffin Jax,444.0,0.5315315315315315,0.47297297297297297,0.30405405405405406,0.16891891891891891,0.5720338983050848,0.35714285714285715
645261,Sandy Alcantara,1387.0,0.35255948089401584,0.35039653929343906,0.1795241528478731,0.17087238644556596,0.50920245398773,0.4876543209876543
647336,Michael Soroka,620.0,0.3758064516129032,0.47096774193548385,0.22741935483870968,0.2435483870967742,0.6051502145922747,0.5171232876712328
650633,Michael King,593.0,0.20067453625632378,0.2748735244519393,0.12141652613827993,0.15345699831365936,0.6050420168067226,0.558282208588957
650644,Aaron Civale,1007.0,0.28897715988083417,0.36941410129096325,0.16385302879841113,0.20556107249255212,0.5670103092783505,0.5564516129032258
650911,Cristopher Sánchez,1078.0,0.3877551020408163,0.2699443413729128,0.12987012987012986,0.14007421150278293,0.3349282296650718,0.5189003436426117
656302,Dylan Cease,1120.0,0.4589285714285714,0.35625,0.20089285714285715,0.15535714285714286,0.4377431906614786,0.43609022556390975
656427,Jack Flaherty,1420.0,0.4584507042253521,0.4591549295774648,0.26549295774647885,0.1936619718309859,0.5791090629800307,0.4217791411042945
656546,Jeff Hoffman,442.0,0.669683257918552,0.3506787330316742,0.2737556561085973,0.07692307692307693,0.40878378378378377,0.21935483870967742
656550,Grant Holmes,718.0,0.6100278551532033,0.44428969359331477,0.3342618384401114,0.11002785515320335,0.547945205479452,0.2476489028213166
656605,Mitch Keller,1290.0,0.3612403100775194,0.37829457364341085,0.18372093023255814,0.1945736434108527,0.5085836909871244,0.514344262295082
656641,Jacob Latz,611.0,0.4157119476268412,0.36824877250409166,0.19312602291325695,0.1751227495908347,0.4645669291338583,0.47555555555555556
656731,Tylor Megill,450.0,0.5622222222222222,0.44,0.3111111111111111,0.1288888888888889,0.5533596837944664,0.29292929292929293
656794,Sean Newcomb,757.0,0.1215323645970938,0.26420079260237783,0.05548216644649934,0.20871862615587847,0.45652173913043476,0.79
656849,David Peterson,1147.0,0.4315605928509154,0.38099389712292936,0.22929380993897122,0.15170008718395817,0.5313131313131313,0.39816933638443935
656876,Drew Rasmussen,1187.0,0.4709351305812974,0.413647851727043,0.2847514743049705,0.12889637742207244,0.6046511627906976,0.31160896130346233
657097,Jacob Webb,401.0,0.4139650872817955,0.45885286783042395,0.24438902743142144,0.2144638403990025,0.5903614457831325,0.4673913043478261
657277,Logan Webb,1391.0,0.20992092020129402,0.31488138030194107,0.1286843997124371,0.18619698058950396,0.613013698630137,0.591324200913242
657376,Clarke Schmidt,590.0,0.3271186440677966,0.34915254237288135,0.16779661016949152,0.18135593220338983,0.5129533678756477,0.5194174757281553
657571,Caleb Ferguson,478.0,0.5523012552301255,0.4309623430962343,0.2719665271966527,0.1589958158995816,0.49242424242424243,0.36893203883495146
657585,Reed Garrett,503.0,0.341948310139165,0.31809145129224653,0.15308151093439365,0.16500994035785288,0.4476744186046512,0.51875
657649,Jared Koenig,400.0,0.13,0.26,0.0775,0.1825,0.5961538461538461,0.7019230769230769
657746,Joe Ryan,1019.0,0.3395485770363101,0.37095191364082436,0.16977428851815504,0.2011776251226693,0.5,0.5423280423280423
660825,Eduard Bazardo,466.0,0.1888412017167382,0.296137339055794,0.07081545064377683,0.22532188841201717,0.375,0.7608695652173914
660896,Jorge Alcala,435.0,0.4045977011494253,0.3931034482758621,0.20229885057471264,0.19080459770114944,0.5,0.4853801169590643
661395,Jhoan Duran,405.0,0.5135802469135803,0.42962962962962964,0.2691358024691358,0.16049382716049382,0.5240384615384616,0.3735632183908046
663436,Davis Martin,1108.0,0.4566787003610108,0.3907942238267148,0.20126353790613719,0.18953068592057762,0.4407114624505929,0.48498845265588914
663460,Kris Bubic,751.0,0.38615179760319573,0.374167776298269,0.19840213049267644,0.17576564580559254,0.5137931034482759,0.4697508896797153
663465,Kolby Allard,472.0,0.3114406779661017,0.4004237288135593,0.16101694915254236,0.23940677966101695,0.5170068027210885,0.5978835978835979
663485,Cole Sands,474.0,0.45147679324894513,0.4029535864978903,0.21308016877637131,0.189873417721519,0.4719626168224299,0.4712041884816754
663554,Casey Mize,1048.0,0.3711832061068702,0.3473282442748092,0.1851145038167939,0.16221374045801526,0.4987146529562982,0.46703296703296704
663559,Bailey Falter,814.0,0.36486486486486486,0.3034398034398034,0.1597051597051597,0.14373464373464373,0.4377104377104377,0.47368421052631576
663568,Stephen Kolek,634.0,0.2586750788643533,0.3217665615141956,0.1309148264984227,0.19085173501577288,0.5060975609756098,0.5931372549019608
663623,Jake Irvin,1224.0,0.22630718954248366,0.33578431372549017,0.11683006535947713,0.21895424836601307,0.516245487364621,0.6520681265206812
663687,Hogan Harris,408.0,0.18627450980392157,0.32598039215686275,0.10294117647058823,0.22303921568627452,0.5526315789473685,0.6842105263157895
663738,Daniel Lynch IV,463.0,0.37365010799136067,0.3023758099352052,0.1447084233261339,0.15766738660907129,0.3872832369942196,0.5214285714285715
663903,Brady Singer,1197.0,0.3358395989974937,0.35756056808688386,0.1971595655806182,0.16040100250626566,0.5870646766169154,0.4485981308411215
663947,Tyler Holton,492.0,0.5203252032520326,0.4329268292682927,0.2845528455284553,0.1483739837398374,0.546875,0.3427230046948357
663969,Tyler Phillips,494.0,0.31376518218623484,0.3582995951417004,0.15182186234817813,0.20647773279352227,0.4838709677419355,0.576271186440678
663978,Chris Paddack,1004.0,0.2599601593625498,0.3605577689243028,0.1454183266932271,0.2151394422310757,0.5593869731800766,0.5966850828729282
664126,Pete Fairbanks,412.0,0.23786407766990292,0.3932038834951456,0.10922330097087378,0.28398058252427183,0.45918367346938777,0.7222222222222222
664199,Taylor Clarke,418.0,0.46172248803827753,0.3014354066985646,0.1722488038277512,0.1291866028708134,0.37305699481865284,0.42857142857142855
664208,Phil Maton,432.0,0.3472222222222222,0.39814814814814814,0.19675925925925927,0.2013888888888889,0.5666666666666667,0.5058139534883721
664285,Framber Valdez,1034.0,0.109284332688588,0.3307543520309478,0.047388781431334626,0.28336557059961315,0.4336283185840708,0.8567251461988304
665152,Dean Kremer,1330.0,0.462406015037594,0.38571428571428573,0.23909774436090225,0.14661654135338345,0.5170731707317073,0.38011695906432746
665795,Edward Cabrera,1114.0,0.296229802513465,0.362657091561939,0.1490125673249551,0.21364452423698385,0.503030303030303,0.5891089108910891
666142,Cole Ragans,513.0,0.2475633528265107,0.30994152046783624,0.09551656920077972,0.21442495126705652,0.3858267716535433,0.6918238993710691
666157,Nick Lodolo,981.0,0.2945973496432212,0.30784913353720694,0.15188583078491336,0.1559633027522936,0.5155709342560554,0.5066225165562914
666200,Jesús Luzardo,1083.0,0.2871652816251154,0.3314866112650046,0.1680517082179132,0.1634349030470914,0.5852090032154341,0.49303621169916434
666214,Joey Wentz,694.0,0.3904899135446686,0.4365994236311239,0.23487031700288186,0.2017291066282421,0.6014760147601476,0.46204620462046203
666808,Camilo Doval,408.0,0.821078431372549,0.3602941176470588,0.3284313725490196,0.031862745098039214,0.4,0.08843537414965986
667755,José Soriano,1191.0,0.1376994122586062,0.28967254408060455,0.04953820319059614,0.2401343408900084,0.3597560975609756,0.8289855072463768
668674,Lucas Erceg,420.0,0.4166666666666667,0.36904761904761907,0.22142857142857142,0.14761904761904762,0.5314285714285715,0.4
668678,Zac Gallen,1174.0,0.41396933560477,0.42078364565587734,0.217206132879046,0.20357751277683134,0.5246913580246914,0.48380566801619435
668881,Hunter Greene,666.0,0.515015015015015,0.44594594594594594,0.2927927927927928,0.15315315315315314,0.5685131195335277,0.3434343434343434
668909,Gavin Williams,1179.0,0.28074639525021206,0.3927056827820187,0.1458863443596268,0.24681933842239187,0.5196374622356495,0.6285097192224622
668941,JoJo Romero,433.0,0.10623556581986143,0.2702078521939954,0.05542725173210162,0.21478060046189376,0.5217391304347826,0.7948717948717948
669022,MacKenzie Gore,1170.0,0.5478632478632479,0.45384615384615384,0.28034188034188035,0.1735042735042735,0.5117004680187207,0.3822975517890772
669060,Bryse Wilson,441.0,0.2675736961451247,0.32653061224489793,0.1360544217687075,0.19047619047619047,0.5084745762711864,0.5833333333333334
669093,Jeremiah Estrada,417.0,0.657074340527578,0.3645083932853717,0.2805755395683453,0.08393285371702638,0.42700729927007297,0.23026315789473684
669160,Dustin May,1074.0,0.19832402234636873,0.3165735567970205,0.10335195530726257,0.2132216014897579,0.5211267605633803,0.6735294117647059
669194,Ryne Nelson,819.0,0.4993894993894994,0.45665445665445664,0.29181929181929184,0.16483516483516483,0.5843520782396088,0.3609625668449198
669199,Lake Bachar,569.0,0.4165202108963093,0.34973637961335674,0.17926186291739896,0.1704745166959578,0.43037974683544306,0.48743718592964824
669302,Logan Gilbert,927.0,0.5005393743257821,0.3592233009708738,0.22330097087378642,0.13592233009708737,0.44612068965517243,0.3783783783783784
669358,Shane Baz,1285.0,0.46926070038910506,0.42568093385214006,0.22568093385214008,0.2,0.48092868988391374,0.46983546617915906
669372,J.T. Ginn,604.0,0.3973509933774834,0.33112582781456956,0.17880794701986755,0.152317880794702,0.45,0.46
669373,Tarik Skubal,1412.0,0.254957507082153,0.23654390934844194,0.09490084985835694,0.141643059490085,0.37222222222222223,0.5988023952095808
669387,Carmen Mlodzinski,795.0,0.2930817610062893,0.2792452830188679,0.1220125786163522,0.15723270440251572,0.41630901287553645,0.5630630630630631
669432,Trevor Rogers,689.0,0.3671988388969521,0.38461538461538464,0.20899854862119013,0.17561683599419448,0.5691699604743083,0.45660377358490567
669461,Matthew Liberatore,1349.0,0.2713120830244626,0.3291326908821349,0.14084507042253522,0.1882876204595997,0.5191256830601093,0.5720720720720721
669467,Andre Pallante,1194.0,0.4949748743718593,0.41792294807370184,0.271356783919598,0.14656616415410384,0.5482233502538071,0.35070140280561124
669711,Greg Weissert,461.0,0.1735357917570499,0.25162689804772237,0.08459869848156182,0.16702819956616052,0.4875,0.6637931034482759
669920,Jason Alexander,519.0,0.14065510597302505,0.20809248554913296,0.046242774566473986,0.16184971098265896,0.3287671232876712,0.7777777777777778
669923,George Kirby,976.0,0.3145491803278688,0.38114754098360654,0.19262295081967212,0.1885245901639344,0.6123778501628665,0.4946236559139785
670102,Bowden Francis,418.0,0.430622009569378,0.49760765550239233,0.24401913875598086,0.2535885167464115,0.5666666666666667,0.5096153846153846
670167,John Schreiber,471.0,0.2484076433121019,0.33121019108280253,0.11252653927813164,0.21868365180467092,0.452991452991453,0.6602564102564102
670280,David Bednar,462.0,0.30303030303030304,0.38095238095238093,0.15367965367965367,0.22727272727272727,0.5071428571428571,0.5965909090909091
670955,Edwin Uceta,545.0,0.7357798165137615,0.4,0.3229357798165138,0.07706422018348624,0.4389027431421446,0.1926605504587156
671096,Andrew Abbott,1213.0,0.416323165704864,0.416323165704864,0.24154987633965375,0.17477328936521022,0.5801980198019802,0.4198019801980198
671106,Logan Allen,1001.0,0.2707292707292707,0.3306693306693307,0.13386613386613386,0.1968031968031968,0.4944649446494465,0.595166163141994
671131,Jackson Rutledge,554.0,0.3935018050541516,0.2996389891696751,0.16967509025270758,0.1299638989169675,0.43119266055045874,0.43373493975903615
671737,Taj Bradley,1031.0,0.4131910766246363,0.32783705140640157,0.1600387972841901,0.16779825412221144,0.3873239436619718,0.5118343195266272
672456,Keider Montero,734.0,0.2656675749318801,0.3583106267029973,0.14850136239782016,0.2098092643051771,0.558974358974359,0.5855513307984791
672582,Angel Zerpa,459.0,0.2875816993464052,0.3028322440087146,0.14161220043572983,0.16122004357298475,0.49242424242424243,0.5323741007194245
672782,Yoendrys Gómez,542.0,0.26752767527675275,0.3966789667896679,0.15682656826568267,0.23985239852398524,0.5862068965517241,0.6046511627906976
673513,Yuki Matsui,414.0,0.5289855072463768,0.30676328502415456,0.17391304347826086,0.13285024154589373,0.3287671232876712,0.4330708661417323
673929,Jordan Leasure,404.0,0.8168316831683168,0.49257425742574257,0.43316831683168316,0.0594059405940594,0.5303030303030303,0.12060301507537688
674370,Osvaldo Bido,587.0,0.3850085178875639,0.3577512776831346,0.20783645655877342,0.14991482112436116,0.5398230088495575,0.41904761904761906
675911,Spencer Strider,775.0,0.6774193548387096,0.5148387096774194,0.40258064516129033,0.11225806451612903,0.5942857142857143,0.21804511278195488
676083,Janson Junk,774.0,0.35400516795865633,0.37467700258397935,0.18863049095607234,0.18604651162790697,0.5328467153284672,0.496551724137931
676106,Emerson Hancock,531.0,0.21468926553672316,0.22033898305084745,0.07909604519774012,0.14124293785310735,0.3684210526315789,0.6410256410256411
676130,José Buttó,466.0,0.5085836909871244,0.3776824034334764,0.2317596566523605,0.1459227467811159,0.45569620253164556,0.38636363636363635
676263,Jack Dreyer,457.0,0.47045951859956237,0.4573304157549234,0.2275711159737418,0.22975929978118162,0.48372093023255813,0.5023923444976076
676282,Joey Cantillo,600.0,0.15833333333333333,0.3016666666666667,0.065,0.23666666666666666,0.4105263157894737,0.7845303867403315
676428,Brant Hurter,456.0,0.25219298245614036,0.33114035087719296,0.12280701754385964,0.20833333333333334,0.48695652173913045,0.6291390728476821
676440,Tanner Bibee,1418.0,0.307475317348378,0.3427362482369535,0.17277856135401976,0.16995768688293372,0.5619266055045872,0.49588477366255146
676467,Colton Gordon,577.0,0.11611785095320624,0.25996533795493937,0.06759098786828423,0.1923743500866551,0.582089552238806,0.74
676477,Garrett Whitlock,446.0,0.4820627802690583,0.5224215246636771,0.3004484304932735,0.2219730941704036,0.6232558139534884,0.4248927038626609
676508,Ben Casparius,554.0,0.44223826714801445,0.427797833935018,0.24368231046931407,0.18411552346570398,0.5510204081632653,0.43037974683544306
676534,Calvin Faucher,436.0,0.48394495412844035,0.3119266055045872,0.17889908256880735,0.13302752293577982,0.3696682464454976,0.4264705882352941
676664,JP Sears,993.0,0.1510574018126888,0.2406847935548842,0.07955689828801611,0.16112789526686808,0.5266666666666666,0.6694560669456067
676684,Will Vest,454.0,0.6189427312775331,0.4911894273127753,0.3920704845814978,0.09911894273127753,0.6334519572953736,0.20179372197309417
676917,Cade Cavalli,404.0,0.5099009900990099,0.38366336633663367,0.2524752475247525,0.1311881188118812,0.49514563106796117,0.3419354838709677
676961,Caleb Boushley,408.0,0.41911764705882354,0.35784313725490197,0.20098039215686275,0.1568627450980392,0.47953216374269003,0.4383561643835616
676962,Ben Brown,547.0,0.9012797074954296,0.5246800731261426,0.4990859232175503,0.025594149908592323,0.5537525354969574,0.04878048780487805
676974,Max Meyer,427.0,0.41451990632318503,0.3161592505854801,0.1451990632318501,0.17096018735362997,0.3502824858757062,0.5407407407407407
676979,Garrett Crochet,1329.0,0.6027088036117382,0.40857787810383744,0.2979683972911964,0.11060948081264109,0.4943820224719101,0.27071823204419887
677944,Slade Cecconi,878.0,0.3564920273348519,0.4054669703872437,0.1958997722095672,0.20956719817767655,0.549520766773163,0.5168539325842697
677952,Braxton Ashcraft,504.0,0.31746031746031744,0.33134920634920634,0.125,0.20634920634920634,0.39375,0.6227544910179641
677958,Kumar Rocker,600.0,0.3016666666666667,0.32166666666666666,0.14166666666666666,0.18,0.4696132596685083,0.5595854922279793
678024,Mike Vasil,735.0,0.2870748299319728,0.36054421768707484,0.1346938775510204,0.22585034013605443,0.46919431279620855,0.6264150943396226
678368,Valente Bellozo,610.0,0.38688524590163936,0.3262295081967213,0.1540983606557377,0.1721311475409836,0.3983050847457627,0.5276381909547738
678394,Brayan Bello,1297.0,0.2952968388589052,0.31225905936777176,0.16037008481110254,0.15188897455666925,0.5430809399477807,0.48641975308641977
678606,José A. Ferrer,411.0,0.49878345498783455,0.22627737226277372,0.1411192214111922,0.0851581508515815,0.28292682926829266,0.3763440860215054
678692,Ronny Henriquez,490.0,0.5938775510204082,0.45102040816326533,0.30612244897959184,0.14489795918367346,0.5154639175257731,0.3212669683257919
680573,Simeon Woods Richardson,794.0,0.3929471032745592,0.34760705289672544,0.17632241813602015,0.1712846347607053,0.44871794871794873,0.4927536231884058
680730,Mitchell Parker,908.0,0.21365638766519823,0.31387665198237885,0.1145374449339207,0.19933920704845814,0.5360824742268041,0.6350877192982456
680732,Sean Burke,1161.0,0.34108527131782945,0.4151593453919035,0.18776916451335057,0.22739018087855298,0.5505050505050505,0.5477178423236515
680736,Justin Wrobleski,477.0,0.5115303983228512,0.40041928721174,0.27672955974842767,0.12368972746331237,0.5409836065573771,0.3089005235602094
680885,Spencer Schwellenbach,521.0,0.510556621880998,0.4126679462571977,0.2840690978886756,0.12859884836852206,0.556390977443609,0.3116279069767442
681190,Randy Vásquez,885.0,0.3050847457627119,0.38305084745762713,0.16610169491525423,0.21694915254237288,0.5444444444444444,0.5663716814159292
681343,Shane Smith,1102.0,0.5871143375680581,0.41742286751361163,0.3003629764065336,0.11705989110707804,0.5115919629057187,0.28043478260869564
681347,Mike Burrows,646.0,0.48297213622291024,0.39628482972136225,0.21362229102167182,0.1826625386996904,0.4423076923076923,0.4609375
681517,Kyle Leahy,685.0,0.37664233576642336,0.3708029197080292,0.17956204379562044,0.19124087591240876,0.47674418604651164,0.515748031496063
681857,Reese Olson,557.0,0.4272890484739677,0.4380610412926391,0.25493716337522443,0.18312387791741472,0.5966386554621849,0.4180327868852459
681911,Alex Vesia,419.0,0.8233890214797136,0.47255369928400953,0.4200477326968974,0.05250596658711217,0.5101449275362319,0.1111111111111111
682052,Jacob Lopez,867.0,0.3679354094579008,0.34832756632064593,0.19492502883506344,0.15340253748558247,0.5297805642633229,0.44039735099337746
682243,Bryce Miller,682.0,0.3548387096774194,0.40175953079178883,0.20821114369501467,0.1935483870967742,0.5867768595041323,0.48175182481751827
682847,Luis Ortiz,651.0,0.2857142857142857,0.34101382488479265,0.14746543778801843,0.1935483870967742,0.5161290322580645,0.5675675675675675
682990,Quinn Priester,837.0,0.35125448028673834,0.34767025089605735,0.16129032258064516,0.1863799283154122,0.45918367346938777,0.5360824742268041
683004,Jack Leiter,1246.0,0.3394863563402889,0.3739967897271268,0.15890850722311398,0.21508828250401285,0.46808510638297873,0.575107296137339
684007,Shota Imanaga,704.0,0.421875,0.39488636363636365,0.1690340909090909,0.22585227272727273,0.4006734006734007,0.5719424460431655
684320,Yariel Rodríguez,426.0,0.5657276995305164,0.3685446009389671,0.22535211267605634,0.1431924882629108,0.3983402489626556,0.3885350318471338
685126,Brandon Eisert,492.0,0.4247967479674797,0.30691056910569103,0.17479674796747968,0.13211382113821138,0.41148325358851673,0.4304635761589404
685299,Tanner Gordon,485.0,0.3917525773195876,0.38762886597938145,0.177319587628866,0.21030927835051547,0.45263157894736844,0.5425531914893617
686218,Emmet Sheehan,559.0,0.7173524150268337,0.49731663685152055,0.3953488372093023,0.10196779964221825,0.5511221945137157,0.20503597122302158
686563,Jonathan Cannon,895.0,0.2759776536312849,0.34413407821229053,0.1418994413407821,0.2022346368715084,0.5141700404858299,0.5876623376623377
686613,Hunter Brown,1187.0,0.2721145745577085,0.3243470935130581,0.14321819713563605,0.18112889637742208,0.5263157894736842,0.5584415584415584
686701,Ryan Bergert,522.0,0.3544061302681992,0.342911877394636,0.18773946360153257,0.15517241379310345,0.5297297297297298,0.45251396648044695
686752,Ryan Pepiot,1284.0,0.49065420560747663,0.37694704049844235,0.235202492211838,0.14174454828660435,0.4793650793650794,0.3760330578512397
686799,Jack Kochanowicz,767.0,0.14341590612777053,0.2777053455019557,0.05345501955671447,0.2242503259452412,0.37272727272727274,0.8075117370892019
686993,Justin Sterner,402.0,0.7412935323383084,0.554726368159204,0.46766169154228854,0.08706467661691543,0.6308724832214765,0.15695067264573992
687134,Bradley Blalock,422.0,0.3009478672985782,0.33886255924170616,0.13507109004739337,0.2037914691943128,0.44881889763779526,0.6013986013986014
687473,Ryan Gusto,797.0,0.3136762860727729,0.4065244667503137,0.17440401505646172,0.23212045169385195,0.556,0.5709876543209876
687765,Mitch Spence,556.0,0.4460431654676259,0.3920863309352518,0.25719424460431656,0.13489208633093525,0.5766129032258065,0.3440366972477064
687888,Brandon Walter,418.0,0.3660287081339713,0.4043062200956938,0.18899521531100477,0.215311004784689,0.5163398692810458,0.5325443786982249
688138,Logan Evans,672.0,0.22916666666666666,0.28869047619047616,0.1056547619047619,0.18303571428571427,0.461038961038961,0.634020618556701
690990,Cade Horton,719.0,0.41168289290681503,0.3949930458970793,0.21557719054242003,0.17941585535465926,0.5236486486486487,0.45422535211267606
691587,Eury Pérez,689.0,0.28737300435413643,0.33962264150943394,0.17271407837445574,0.16690856313497823,0.601010101010101,0.49145299145299143
693433,Bryan Woo,1061.0,0.351555136663525,0.294062205466541,0.14420358152686144,0.14985862393967955,0.4101876675603217,0.5096153846153846
693645,Cam Schlittler,458.0,0.5655021834061136,0.4410480349344978,0.3034934497816594,0.13755458515283842,0.5366795366795367,0.3118811881188119
693821,Bryce Elder,938.0,0.3400852878464819,0.34968017057569295,0.18336886993603413,0.16631130063965885,0.5391849529780565,0.47560975609756095
693855,Ian Seymour,473.0,0.44608879492600423,0.3276955602536998,0.19238900634249473,0.13530655391120508,0.4312796208530806,0.4129032258064516
694297,Brandon Pfaadt,1408.0,0.21732954545454544,0.3117897727272727,0.11434659090909091,0.19744318181818182,0.5261437908496732,0.6332574031890661
694335,Matt Svanson,421.0,0.3990498812351544,0.42755344418052255,0.20665083135391923,0.2209026128266033,0.5178571428571429,0.5166666666666667
694477,Chad Patrick,909.0,0.2552255225522552,0.24422442244224424,0.11331133113311331,0.13091309130913092,0.44396551724137934,0.536036036036036
694738,Landen Roupp,632.0,0.10759493670886076,0.25158227848101267,0.056962025316455694,0.19462025316455697,0.5294117647058824,0.7735849056603774
694819,Jacob Misiorowski,417.0,0.3932853717026379,0.407673860911271,0.2038369304556355,0.2038369304556355,0.5182926829268293,0.5
694973,Paul Skenes,1509.0,0.2962226640159046,0.317428760768721,0.1550695825049702,0.16235917826375082,0.5234899328859061,0.511482254697286
695418,Brad Lord,768.0,0.28515625,0.2799479166666667,0.12760416666666666,0.15234375,0.4474885844748858,0.5441860465116279
695549,Jackson Jobe,455.0,0.5142857142857142,0.41098901098901097,0.25934065934065936,0.15164835164835164,0.5042735042735043,0.3689839572192513
700241,Michael McGreevy,756.0,0.4074074074074074,0.4669312169312169,0.2552910052910053,0.21164021164021163,0.6266233766233766,0.45325779036827196
700249,Cade Povich,815.0,0.37423312883435583,0.39263803680981596,0.19141104294478528,0.20122699386503068,0.5114754098360655,0.5125
701542,Will Warren,1197.0,0.3358395989974937,0.41353383458646614,0.19298245614035087,0.22055137844611528,0.5746268656716418,0.5333333333333333
702070,Noah Cameron,1166.0,0.32332761578044594,0.32332761578044594,0.17066895368782162,0.15265866209262435,0.5278514588859416,0.47214854111405835
702352,Spencer Bivens,624.0,0.2564102564102564,0.29967948717948717,0.10256410256410256,0.1971153846153846,0.4,0.6577540106951871
801403,Chase Dollander,772.0,0.41580310880829013,0.37305699481865284,0.19818652849740934,0.17487046632124353,0.4766355140186916,0.46875
805673,Zebby Matthews,487.0,0.4537987679671458,0.4106776180698152,0.24229979466119098,0.16837782340862423,0.5339366515837104,0.41
806185,Hayden Birdsong,445.0,0.5595505617977528,0.33707865168539325,0.23370786516853934,0.10337078651685393,0.41767068273092367,0.30666666666666664
806188,Cade Gibson,475.0,0.3642105263157895,0.3684210526315789,0.2063157894736842,0.16210526315789472,0.5664739884393064,0.44
808967,Yoshinobu Yamamoto,1486.0,0.3075370121130552,0.37079407806191117,0.1594885598923284,0.21130551816958276,0.5185995623632386,0.5698729582577132
