pair_type,ti_1,ta_1,ti40_1,ta40_1,n_1,null_ti_1,excess_ti_1,null_ta_1,excess_ta_1,null_ti40_1,excess_ti40_1,null_ta40_1,excess_ta40_1,level_1,ti_2,ta_2,ti40_2,ta40_2,n_2,null_ti_2,excess_ti_2,null_ta_2,excess_ta_2,null_ti40_2,excess_ti40_2,null_ta40_2,excess_ta40_2,level_2
CH>CH,0.5161877,0.53225154,1.1066025,1.2123972,6231,0.5283605,-0.012172759,0.5283596,0.003891945,1.1613123,-0.054709792,1.1913898,0.021007419,game_type,0.5191091,0.53339076,1.1142174,1.216114,6325,0.53120255,-0.012093484,0.53500056,-0.0016098022,1.1693814,-0.05516398,1.2019496,0.014164448,game_type
CH>CU,0.000493546,0.446919,0.092377655,0.8991775,1044,0.004256806,-0.0037632599,0.43965515,0.0072638392,0.100925714,-0.008548059,0.8533918,0.045785666,game_type,0.019704128,0.46994936,0.11288434,0.90211123,999,0.012580025,0.0071241027,0.42802665,0.04192272,0.11672905,-0.0038447082,0.8235221,0.07858914,game_type
CH>FC,0.8625294,0.7421165,1.4620817,1.4193053,1349,0.8646875,-0.0021581054,0.727572,0.014544487,1.4528216,0.009260058,1.3865186,0.032786727,game_type,0.8430878,0.7128136,1.4052545,1.3503318,1354,0.8444307,-0.0013428926,0.69513375,0.01767987,1.4080112,-0.0027567148,1.3333769,0.016954899,game_type
CH>FF,1.0131203,0.72887456,1.6898655,1.4199305,6913,0.98961693,0.023503363,0.711007,0.017867565,1.6459928,0.043872714,1.379085,0.040845513,game_type,1.020077,0.73114187,1.6830195,1.4273263,7099,0.99369603,0.026380956,0.7153975,0.015744388,1.6401874,0.042832136,1.3821263,0.04519999,game_type
CH>FS,0.24583884,0.53372705,0.48911008,1.2283001,10,0.36858758,-0.12274875,0.4539548,0.079772264,0.7665719,-0.2774618,1.0480049,0.18029523,game_type,0.6669152,0.511909,0.8667519,1.1598259,31,0.6389015,0.028013706,0.51442575,-0.0025167465,0.8993604,-0.03260851,1.1887467,-0.02892077,game_type
CH>KC,0.06595238,0.44771808,0.1677694,0.93890923,216,0.1228109,-0.056858517,0.4310365,0.016681582,0.22768015,-0.059910744,0.8657513,0.07315791,game_type,0.06773787,0.51946205,0.18604991,0.8912703,273,0.15895031,-0.091212444,0.42653266,0.09292939,0.27120888,-0.085158974,0.8102179,0.08105236,game_type
CH>SI,0.783094,0.5970384,1.3459202,1.2436903,2251,0.7676152,0.01547879,0.5883971,0.008641303,1.318707,0.027213216,1.2277888,0.015901446,game_type,0.81769174,0.61000353,1.3806459,1.2769899,2225,0.79123217,0.026459575,0.60946393,0.00053960085,1.3616806,0.018965244,1.2683232,0.008666754,game_type
CH>SL,0.8603448,0.6432023,1.1926416,1.2841007,1561,0.78979445,0.07055038,0.635862,0.007340312,1.1214156,0.071226,1.2345707,0.04952991,game_type,0.8020596,0.6350188,1.1238477,1.2403522,1696,0.75354123,0.04851836,0.61184347,0.023175359,1.0827616,0.041086078,1.2029978,0.03735435,game_type
CH>ST,0.5442269,0.6226758,0.6650097,1.1445329,721,0.5171833,0.027043581,0.61120963,0.0114661455,0.6567311,0.008278549,1.1040412,0.0404917,game_type,0.42315936,0.6143988,0.5443449,1.0715301,818,0.42066452,0.0024948418,0.5714943,0.042904496,0.5576193,-0.013274372,1.0255835,0.045946598,game_type
CH>SV,0.79412824,0.6162767,0.7315357,1.2091582,59,0.5948911,0.19923717,0.5732564,0.043020308,0.55992573,0.17160994,1.0441312,0.16502702,game_type,0.5054944,0.64473647,0.4071094,1.0856932,80,0.3715819,0.1339125,0.4876606,0.15707588,0.37748605,0.02962336,0.8882176,0.19747561,game_type
CU>CH,-0.14595406,0.40862316,-0.023807488,0.8211445,1733,-0.088733695,-0.057220362,0.4424936,-0.03387043,0.033174343,-0.05698183,0.8492023,-0.028057754,game_type,-0.14876874,0.41751057,-0.025269514,0.8454615,1767,-0.08142475,-0.06734399,0.4192495,-0.0017389357,0.04220371,-0.067473225,0.83849365,0.0069678426,game_type
CU>CU,0.5126199,0.5270964,1.1142355,1.1960163,3169,0.5238021,-0.011182189,0.5296085,-0.0025120974,1.1633158,-0.049080253,1.1838759,0.012140393,game_type,0.5130195,0.5322196,1.1119714,1.2131946,3179,0.52326137,-0.010241866,0.5282701,0.0039494634,1.1596341,-0.047662735,1.1913536,0.02184105,game_type
CU>FC,0.62320167,0.6357791,0.77039295,1.10046,992,0.57932496,0.043876708,0.63174015,0.00403893,0.7250984,0.045294583,1.0816212,0.018838882,game_type,0.6129368,0.63611823,0.735017,1.0949033,951,0.58089685,0.03203994,0.60045224,0.03566599,0.6958569,0.039160073,1.049315,0.045588374,game_type
CU>FF,0.8215551,0.67537653,0.8164381,1.0792148,4660,0.74355966,0.07799542,0.61865896,0.056717575,0.7398257,0.07661235,0.9989454,0.0802694,game_type,0.75815415,0.67366207,0.7535148,1.0803761,4441,0.68938744,0.06876671,0.6168233,0.05683875,0.6836885,0.069826305,1.0011051,0.07927108,game_type
CU>FS,-0.28202078,0.35097218,-0.10340174,0.8093659,485,-0.2145347,-0.06748608,0.37598225,-0.02501008,-0.039922368,-0.06347938,0.81051844,-0.0011525154,game_type,-0.37595212,0.35523775,-0.1952451,0.80636847,574,-0.3008778,-0.075074315,0.3782253,-0.022987545,-0.12101637,-0.074228734,0.8045309,0.0018375516,game_type
CU>SI,0.24728905,0.5501414,0.28068984,0.8924156,1619,0.27277333,-0.025484279,0.53473395,0.015407443,0.29285324,-0.012163401,0.8818209,0.010594666,game_type,0.2692766,0.53647584,0.28001502,0.8720503,1568,0.25896326,0.010313332,0.5209637,0.015512109,0.2688604,0.011154622,0.86737436,0.004675925,game_type
CU>SL,-0.037411213,0.45033142,0.098665066,0.92128956,1116,0.01903038,-0.05644159,0.45345753,-0.0031261146,0.15422593,-0.055560865,0.91031617,0.010973394,game_type,-0.024954095,0.4324977,0.112789065,0.9080599,1087,0.045491815,-0.07044591,0.46151203,-0.02901432,0.19058444,-0.07779537,0.9202769,-0.012216985,game_type
CU>ST,0.4394694,0.49453577,0.43290415,0.86329067,330,0.4328315,0.006637901,0.52905273,-0.03451696,0.42674014,0.0061640143,0.93898886,-0.0756982,game_type,0.31045857,0.49219602,0.3697072,0.9426269,349,0.2953335,0.015125066,0.50281507,-0.010619044,0.37368175,-0.003974557,0.9354771,0.0071498156,game_type
CU>SV,0.61889726,0.34230334,0.47984707,0.74250895,22,0.65589553,-0.036998272,0.44348428,-0.10118094,0.58208126,-0.102234185,0.9219219,-0.17941296,game_type,0.5962386,0.43889743,0.4562482,0.8856772,17,0.34995583,0.24628279,0.51681405,-0.07791662,0.3160008,0.1402474,1.0558397,-0.17016244,game_type
FC>CH,0.86588573,0.7129492,1.4331504,1.361941,1531,0.8551524,0.010733306,0.71809614,-0.0051469207,1.4301317,0.0030187368,1.3554094,0.006531596,game_type,0.85621506,0.744135,1.4183158,1.4149816,1607,0.85355604,0.0026590228,0.7164129,0.02772212,1.4299691,-0.011653304,1.3548738,0.060107827,game_type
FC>CU,0.67130566,0.65950775,0.7796774,1.113035,1031,0.64811397,0.02319169,0.6012683,0.05823946,0.7861541,-0.0064767003,1.0321387,0.08089626,game_type,0.6157809,0.6068351,0.71565336,1.0302887,942,0.62298644,-0.007205546,0.5927187,0.014116406,0.74063987,-0.024986506,1.0027056,0.027583122,game_type
FC>FC,0.50681645,0.5306504,1.0969669,1.1954751,3870,0.5196869,-0.012870431,0.5254699,0.005180478,1.1473744,-0.05040753,1.1797541,0.015720963,game_type,0.5079369,0.53119534,1.0959175,1.1953603,4414,0.5172327,-0.009295821,0.52577716,0.0054181814,1.1436386,-0.047721148,1.1778241,0.017536163,game_type
FC>FF,0.7533444,0.6104891,1.1107303,1.2167189,3202,0.74060297,0.0127414465,0.5967372,0.013751864,1.1356376,-0.02490735,1.1931993,0.023519635,game_type,0.7323127,0.6148832,1.0426614,1.1931101,3484,0.73497725,-0.002664566,0.59243226,0.022450924,1.0828166,-0.040155172,1.1769824,0.016127706,game_type
FC>FS,0.9190865,0.74946165,1.597602,1.446411,384,0.91170603,0.0073804855,0.71217895,0.037282705,1.5957649,0.0018371344,1.385395,0.061015964,game_type,0.7859064,0.69224507,1.4871677,1.3981038,415,0.7727999,0.013106465,0.68426687,0.007978201,1.4728655,0.014302254,1.3509898,0.047114015,game_type
FC>KC,1.0559158,0.69654256,1.2957401,1.2726244,238,0.9863485,0.06956732,0.679034,0.017508566,1.270062,0.025678158,1.2184775,0.054146886,game_type,0.9446333,0.75696224,1.1670523,1.3148621,192,0.9288835,0.015749812,0.6355158,0.12144643,1.2195271,-0.052474856,1.1709456,0.14391649,game_type
FC>SI,0.6372721,0.5991556,1.0025146,1.1669873,2290,0.65606356,-0.018791437,0.5938938,0.005261779,1.0580941,-0.055579543,1.1654886,0.0014986992,game_type,0.55583525,0.5994175,0.8866698,1.1586684,2324,0.61168283,-0.055847585,0.59957856,-0.00016105175,0.9855905,-0.0989207,1.1726058,-0.013937354,game_type
FC>SL,0.9483707,0.6459674,1.4166181,1.279123,945,0.89899665,0.049374044,0.61572325,0.030244172,1.3965436,0.020074487,1.2317624,0.04736054,game_type,0.9581529,0.6512763,1.4771923,1.2947063,1013,0.8941238,0.0640291,0.6212302,0.030046105,1.4369977,0.04019463,1.2524693,0.042237043,game_type
FC>ST,0.6359903,0.5788453,0.9175949,1.1369025,1102,0.6208055,0.01518482,0.56374216,0.015103161,0.9553793,-0.037784398,1.1246862,0.01221621,game_type,0.6318563,0.6008524,0.89746934,1.1763749,1133,0.6126072,0.019249141,0.56300795,0.03784442,0.9419851,-0.04451573,1.1188867,0.057488203,game_type
FC>SV,0.6418281,0.49866033,1.0076467,1.1253124,51,0.64593005,-0.004101932,0.49475884,0.0039014816,1.0023642,0.0052825212,1.0268077,0.09850478,game_type,0.3337399,0.49578053,0.5477297,1.0440109,71,0.36730114,-0.03356123,0.4468806,0.04889992,0.5625404,-0.014810741,0.9717465,0.07226437,game_type
FF>CH,1.0407686,0.7233014,1.7047879,1.4175122,6783,0.9888921,0.051876545,0.71182525,0.011476159,1.6651044,0.03968346,1.3847982,0.03271401,game_type,1.0365571,0.71859497,1.6796037,1.3979774,7188,0.98528314,0.051273942,0.7077034,0.010891557,1.6409023,0.038701415,1.3736582,0.024319172,game_type
FF>CU,0.9129784,0.7117731,0.91039866,1.1349728,4214,0.863472,0.049506426,0.67303056,0.038742542,0.883103,0.027295649,1.0768623,0.058110476,game_type,0.8253566,0.6914251,0.8110847,1.1064359,4198,0.80468214,0.020674467,0.65346473,0.03796035,0.8043651,0.0067195892,1.0395153,0.06692064,game_type
FF>FC,0.7326967,0.6094866,1.04675,1.2231215,3093,0.7015114,0.031185329,0.59974813,0.009738445,1.0718623,-0.02511239,1.1981823,0.02493918,game_type,0.7369037,0.6067097,1.0265083,1.2016933,3363,0.7051811,0.031722605,0.5870058,0.019703925,1.0477189,-0.021210551,1.1779484,0.02374494,game_type
FF>FF,0.5204588,0.5375093,1.1360422,1.2158134,30146,0.53115594,-0.010697126,0.5358102,0.0016991496,1.1890228,-0.052980542,1.2002103,0.0156030655,game_type,0.51900685,0.53804773,1.1324488,1.2178053,31762,0.5302895,-0.011282623,0.5358021,0.002245605,1.1857324,-0.053283572,1.2012368,0.016568422,game_type
FF>FS,1.1287534,0.7317315,1.7950546,1.4366367,2360,1.0691084,0.059645057,0.7143309,0.017400563,1.7441021,0.050952435,1.3938758,0.04276085,game_type,1.0911431,0.7384535,1.7873744,1.4259256,2290,1.0469695,0.0441736,0.7254322,0.01302129,1.7471064,0.040267944,1.3976434,0.028282166,game_type
FF>KC,1.0898855,0.7589015,1.1330727,1.2456217,1471,1.024834,0.06505144,0.68993026,0.06897122,1.1257043,0.0073684454,1.1682483,0.077373385,game_type,1.1052682,0.7796105,1.1362522,1.2349728,1460,1.0613589,0.04390931,0.701952,0.077658534,1.1162944,0.01995778,1.1521587,0.0828141,game_type
FF>SI,0.71696097,0.6039234,1.3065301,1.2564849,3732,0.6952852,0.021675766,0.59202915,0.011894226,1.3157519,-0.009221792,1.234598,0.021886826,game_type,0.7246808,0.59550816,1.3097149,1.256232,3687,0.69584346,0.028837323,0.595712,-0.00020384789,1.3099507,-0.00023579597,1.2469138,0.009318233,game_type
FF>SL,1.0624279,0.69835037,1.3708336,1.3003734,9024,1.0019802,0.060447693,0.6724625,0.025887847,1.3353294,0.035504222,1.2500478,0.050325632,game_type,1.0399956,0.69899046,1.3452891,1.3000151,9679,0.9885847,0.051410854,0.6665672,0.032423258,1.324027,0.021262169,1.2448288,0.05518627,game_type
FF>ST,0.7867322,0.68131304,0.88683754,1.1046259,3555,0.74547464,0.04125756,0.61628747,0.06502557,0.86536455,0.02147299,1.042104,0.062521935,game_type,0.7669355,0.64442885,0.8577523,1.1034905,3798,0.7247868,0.04214871,0.6076998,0.036729038,0.83313096,0.024621367,1.0361059,0.0673846,game_type
FF>SV,0.93119854,0.6975224,0.9199473,1.1566715,266,0.84211546,0.089083076,0.69863874,-0.0011163354,0.85489726,0.065050066,1.1159345,0.040737033,game_type,0.6402966,0.57373357,0.6164019,0.9201786,318,0.68291986,-0.04262328,0.55624247,0.017491102,0.64975554,-0.033353627,0.8673513,0.0528273,game_type
FS>CH,0.419335,0.4748247,0.79753804,1.0955324,12,0.36548787,0.053847134,0.55830854,-0.083483845,0.72044784,0.077090204,1.0788862,0.016646266,game_type,0.41433364,0.5152119,0.7579948,1.1478542,20,0.3541306,0.060203046,0.44170135,0.07351053,0.67105365,0.08694112,1.0736861,0.074168086,game_type
FS>CU,-0.21644874,0.38915813,-0.046231154,0.81271,268,-0.17767966,-0.03876908,0.36862975,0.020528376,-0.004056439,-0.042174716,0.7901761,0.022533894,game_type,-0.26717567,0.4482398,-0.124864675,0.8719265,299,-0.2630621,-0.0041135848,0.3570021,0.091237694,-0.10739372,-0.017470956,0.77939516,0.09253132,game_type
FS>FC,0.8922236,0.72572434,1.5615945,1.4570342,303,0.8849419,0.0072817206,0.6862439,0.039480448,1.5261494,0.035445094,1.3612556,0.095778584,game_type,0.7825806,0.65216494,1.416832,1.315456,379,0.7744915,0.008089125,0.66963875,-0.017473817,1.4353261,-0.01849413,1.3367662,-0.02131021,game_type
FS>FF,1.094705,0.73871756,1.8064865,1.4611534,2197,1.0793165,0.015388489,0.71432745,0.024390101,1.7635216,0.042964935,1.40309,0.058063388,game_type,1.080304,0.7343665,1.787725,1.4514579,2144,1.0636011,0.01670289,0.7224665,0.011899948,1.7342795,0.05344546,1.4058284,0.0456295,game_type
FS>FS,0.51858634,0.53965646,1.0899215,1.2317275,2436,0.5353113,-0.016724944,0.53695375,0.002702713,1.1620514,-0.072129965,1.2086592,0.023068309,game_type,0.5246312,0.5395825,1.1130255,1.2211916,2597,0.53697723,-0.012346029,0.53691095,0.0026715398,1.1702374,-0.057211876,1.2137793,0.0074123144,game_type
FS>KC,0.61633503,0.7263951,0.6939215,1.3614016,44,0.5542145,0.062120557,0.65230864,0.07408643,0.6774121,0.016509414,1.2797502,0.08165133,game_type,0.47849908,0.62911105,0.5720119,1.234832,58,0.4728919,0.0056071877,0.6584452,-0.029334128,0.58403754,-0.012025654,1.207724,0.027108073,game_type
FS>SI,0.8899117,0.62698096,1.3132216,1.2648891,428,0.87342054,0.016491175,0.6433776,-0.016396642,1.3306481,-0.01742649,1.2946146,-0.029725432,game_type,0.92412895,0.66602075,1.4696335,1.3430108,405,0.8955467,0.028582275,0.64628464,0.019736111,1.4130428,0.056590676,1.3201284,0.022882342,game_type
FS>SL,0.9201666,0.6468825,1.3609967,1.2897955,475,0.8138334,0.106333196,0.6427012,0.004181266,1.2383724,0.12262428,1.2706409,0.019154668,game_type,0.8876754,0.63864815,1.3034346,1.3216332,442,0.8755452,0.012130201,0.6275476,0.011100531,1.2532083,0.05022633,1.2659074,0.055725813,game_type
FS>ST,0.50014013,0.6187315,0.7159644,1.1369809,140,0.545328,-0.04518789,0.5828886,0.035842896,0.74546736,-0.029502988,1.0300633,0.10691762,game_type,0.61208564,0.6593227,0.82778037,1.1737856,226,0.5315083,0.080577314,0.5865392,0.07278347,0.7602884,0.06749195,1.1109313,0.06285429,game_type
FS>SV,1.1441814,1.3286194,1.3886126,1.5994786,10,0.72995263,0.41422874,0.4418342,0.88678515,0.7127373,0.6758753,0.7808563,0.8186223,game_type,0.7145538,0.91528803,0.61375475,1.489007,29,0.6048242,0.10972959,0.6481554,0.26713264,0.56307775,0.050677,1.1699557,0.31905127,game_type
KC>CH,-0.13021497,0.39658132,-0.0028363497,0.8499078,277,-0.013897546,-0.11631743,0.43140504,-0.034823716,0.08916606,-0.09200241,0.87636095,-0.026453137,game_type,-0.088079,0.43090737,-0.0012477306,0.8267577,365,-0.04253713,-0.045541868,0.3989523,0.031955063,0.06445189,-0.06569962,0.8039615,0.022796214,game_type
KC>FC,1.0146568,0.69668686,1.2426983,1.2807298,189,0.9228068,0.09184998,0.66909844,0.027588427,1.2463421,-0.0036437511,1.18255,0.09817982,game_type,0.91405857,0.65116686,1.1735504,1.1958996,152,0.9041345,0.009924054,0.63976824,0.011398613,1.1257033,0.047847033,1.1438615,0.052038074,game_type
KC>FF,1.0716654,0.70769435,1.1257247,1.2153108,1378,1.0080132,0.06365216,0.68939346,0.01830089,1.0653944,0.06033027,1.1818419,0.03346896,game_type,1.0768912,0.71324915,1.0974509,1.2157141,1353,0.99284726,0.08404392,0.6733085,0.039940655,1.019064,0.0783869,1.1374762,0.07823789,game_type
KC>FS,0.3096415,0.54287827,0.31589794,1.1386405,74,0.28477392,0.024867594,0.501491,0.04138726,0.3737871,-0.057889163,1.0668525,0.07178807,game_type,0.26751086,0.43300286,0.43405676,0.905667,77,0.32556394,-0.058053076,0.4511607,-0.01815784,0.4975442,-0.06348744,0.9392725,-0.033605516,game_type
KC>KC,0.50496197,0.5293969,1.0946611,1.2084266,1136,0.51696336,-0.012001395,0.53158265,-0.002185762,1.1474301,-0.052768946,1.193738,0.014688611,game_type,0.5115641,0.52709615,1.0989101,1.2141831,1184,0.5196582,-0.008094132,0.5323054,-0.005209267,1.1559291,-0.057018995,1.2070447,0.0071383715,game_type
KC>SI,0.6155263,0.53778857,0.6954409,1.0282652,343,0.6553151,-0.039788783,0.5708999,-0.033111334,0.7182997,-0.022858799,1.0267162,0.0015490055,game_type,0.5104601,0.58199203,0.64090925,1.0509197,404,0.60261554,-0.09215546,0.59349513,-0.0115031,0.72175604,-0.08084679,1.105944,-0.055024385,game_type
KC>SL,0.061327383,0.4752153,0.29337293,1.007789,420,0.11077803,-0.049450643,0.50062555,-0.025410265,0.32322776,-0.029854834,1.0093248,-0.0015357733,game_type,0.017168552,0.4432486,0.23235853,0.9143243,363,0.060118727,-0.042950176,0.45972016,-0.016471565,0.28714612,-0.05478759,0.9400894,-0.025765121,game_type
KC>ST,0.77369654,0.53911173,0.8485985,1.0786597,63,0.78710425,-0.013407707,0.6096739,-0.070562184,1.0124552,-0.16385674,1.1553465,-0.07668686,game_type,0.7528969,0.6298706,0.8629179,1.1694574,72,0.66669333,0.086203575,0.6235952,0.0062754154,0.9423289,-0.07941097,1.2262816,-0.056824207,game_type
SI>CH,0.81892645,0.582979,1.3622726,1.2153541,2661,0.7547229,0.06420356,0.57652754,0.0064514875,1.3116596,0.050613046,1.1979523,0.017401814,game_type,0.8430134,0.6092851,1.3928689,1.2596456,2676,0.78261584,0.060397565,0.60045224,0.008832872,1.3431908,0.049678087,1.236778,0.02286756,game_type
SI>CU,0.33732846,0.54507667,0.34630272,0.8548998,1539,0.30018517,0.03714329,0.4753997,0.069676965,0.32409894,0.022203773,0.79807276,0.05682707,game_type,0.30466765,0.513858,0.30104336,0.82330614,1439,0.3195534,-0.014885753,0.47551996,0.038338065,0.31846368,-0.017420322,0.7868267,0.036479414,game_type
SI>FC,0.6806526,0.6125624,1.0415158,1.1966985,2096,0.65925276,0.021399856,0.5733342,0.0392282,1.0713928,-0.029876947,1.1443709,0.052327633,game_type,0.58731705,0.57473016,0.9224979,1.1286671,2272,0.61045796,-0.023140907,0.57156926,0.003160894,0.97785836,-0.055360436,1.1227413,0.0059257746,game_type
SI>FF,0.7352452,0.606147,1.3369268,1.2609531,3979,0.7114374,0.023807824,0.59004104,0.01610595,1.3487918,-0.01186502,1.2302612,0.030691862,game_type,0.72697186,0.607469,1.3330848,1.2669057,3604,0.70451385,0.022458017,0.58804446,0.019424558,1.3325174,0.0005674362,1.234668,0.03223765,game_type
SI>FS,0.9263883,0.63636225,1.3374754,1.272042,591,0.8679293,0.058459044,0.62285775,0.013504505,1.3178673,0.01960814,1.2234141,0.048627973,game_type,0.96138215,0.64721125,1.4465587,1.2749114,517,0.924075,0.037307143,0.6225832,0.024628043,1.4227697,0.023789048,1.2403888,0.034522653,game_type
SI>KC,0.64619404,0.6077996,0.7178915,1.0345118,375,0.6885008,-0.04230678,0.5532109,0.054588675,0.77094424,-0.053052723,1.0086684,0.025843382,game_type,0.7058884,0.6594895,0.7933007,1.1440645,475,0.7224195,-0.01653111,0.57250214,0.086987376,0.82404363,-0.030742943,1.050353,0.093711495,game_type
SI>SI,0.50883645,0.53150856,1.096258,1.2015105,11203,0.5224479,-0.013611436,0.52924734,0.0022612214,1.1556203,-0.059362292,1.1829194,0.018591166,game_type,0.50994194,0.53476137,1.101863,1.2038962,11722,0.5218287,-0.0118867755,0.5316659,0.003095448,1.1546847,-0.052821636,1.1874145,0.016481638,game_type
SI>SL,0.9609184,0.68432647,1.2113723,1.2556255,3384,0.95037794,0.010540485,0.6407662,0.043560266,1.2397566,-0.028384328,1.1908852,0.0647403,game_type,0.97256595,0.6718444,1.1711973,1.2327666,3807,0.93956965,0.032996297,0.62270224,0.049142182,1.1847773,-0.013579965,1.1572577,0.07550895,game_type
SI>ST,0.68812335,0.6111511,0.7044841,1.0076197,2859,0.69012,-0.0019966364,0.5820223,0.02912879,0.71848536,-0.01400125,0.9746009,0.033018827,game_type,0.64238226,0.60136306,0.62353224,0.99526304,3073,0.6567489,-0.014366627,0.58076996,0.020593107,0.64807504,-0.024542809,0.9619565,0.03330654,game_type
SI>SV,0.7550356,0.5414612,0.8553567,0.915453,149,0.7431265,0.011909068,0.60045195,-0.058990717,0.8973994,-0.042042732,1.0155611,-0.10010809,game_type,0.48503855,0.5610748,0.5263406,0.9358783,217,0.5572765,-0.07223794,0.5178191,0.043255687,0.6265135,-0.10017288,0.890137,0.04574126,game_type
SL>CH,0.7135561,0.65738803,0.9865204,1.2549313,1944,0.7300651,-0.016508996,0.6300594,0.02732861,1.0524282,-0.065907836,1.2104834,0.0444479,game_type,0.6810681,0.62504095,0.9691175,1.2150083,2050,0.6973365,-0.016268373,0.6030292,0.022011757,1.0049195,-0.035802007,1.1861149,0.028893352,game_type
SL>CU,0.05848288,0.5014821,0.123642035,0.932497,1079,0.09813679,-0.03965391,0.46708104,0.03440109,0.21598686,-0.09234483,0.8979936,0.0345034,game_type,0.0036825605,0.51450956,0.10845966,0.972047,871,0.038125418,-0.034442857,0.46351677,0.050992787,0.16302587,-0.054566212,0.9055991,0.066447854,game_type
SL>FC,0.91884345,0.66562843,1.3602574,1.3162355,765,0.87939453,0.039448917,0.63191324,0.03371519,1.35135,0.008907437,1.2578511,0.05838442,game_type,0.9171001,0.61716974,1.4484042,1.2930554,722,0.8673355,0.049764574,0.64232063,-0.025150895,1.4085807,0.039823532,1.285253,0.007802367,game_type
SL>FF,1.0169168,0.6960388,1.3167764,1.2885947,8729,1.0039656,0.012951136,0.676875,0.019163787,1.3054918,0.01128459,1.2602514,0.02834332,game_type,1.0176145,0.6898375,1.3184261,1.2898754,9440,1.0039085,0.013705969,0.68014824,0.009689271,1.308007,0.01041913,1.2664442,0.023431182,game_type
SL>FS,0.8060839,0.61743486,1.2004733,1.2288901,582,0.7707373,0.035346627,0.61800677,-0.00057190657,1.1892246,0.011248708,1.2333113,-0.004421234,game_type,0.79128367,0.643689,1.1846927,1.2348557,565,0.79287124,-0.0015875697,0.61182725,0.031861722,1.1993636,-0.014670849,1.2223605,0.01249516,game_type
SL>KC,0.16709419,0.573187,0.33142483,1.1578059,277,0.2152962,-0.048202008,0.482002,0.091185,0.40364784,-0.07222301,0.9910606,0.1667453,game_type,0.36010787,0.5301669,0.5448161,1.0827162,293,0.34449494,0.01561293,0.5237637,0.006403208,0.5843084,-0.03949231,1.0497651,0.032951117,game_type
SL>SI,0.8787509,0.66698307,1.1441253,1.2640663,3480,0.93363905,-0.05488813,0.66873497,-0.0017518997,1.2194002,-0.075274825,1.2539982,0.010068178,game_type,0.9016295,0.68628204,1.116139,1.2588003,3672,0.91671264,-0.015083134,0.67577994,0.0105021,1.1509383,-0.03479922,1.2519902,0.006810069,game_type
SL>SL,0.5142884,0.5298792,1.1163087,1.1930044,10515,0.5230635,-0.008775055,0.5279817,0.0018975139,1.1611784,-0.04486966,1.1829664,0.010038018,game_type,0.5133833,0.5273853,1.1149049,1.1993579,11514,0.5222264,-0.008843064,0.52567154,0.0017137527,1.1591887,-0.044283867,1.1816264,0.017731428,game_type
SL>ST,0.2722499,0.4891228,0.4712136,1.0110862,621,0.27856183,-0.0063119233,0.48220032,0.0069224834,0.5381743,-0.06696066,1.0000927,0.010993481,game_type,0.35902482,0.5475173,0.5510008,1.1203738,644,0.3577854,0.001239419,0.514764,0.03275329,0.6314152,-0.080414414,1.0463762,0.07399762,game_type
SL>SV,0.7552634,0.5731905,1.1281942,1.0239316,22,0.84891856,-0.09365517,0.65529096,-0.08210045,1.3196279,-0.19143367,1.2834473,-0.25951564,game_type,0.65127844,0.53361887,1.1127976,1.0977085,31,0.69192153,-0.040643096,0.5496639,-0.016045034,1.2454664,-0.13266873,1.2417618,-0.14405334,game_type
ST>CH,0.3650971,0.5898898,0.49200436,1.044408,997,0.41336602,-0.048268914,0.5548477,0.035042107,0.54077697,-0.048772603,0.9924192,0.05198878,game_type,0.32258624,0.5459963,0.46075344,0.96236557,1057,0.35874555,-0.036159307,0.5298972,0.016099095,0.5054152,-0.04466176,0.9717501,-0.009384513,game_type
ST>CU,0.30261937,0.5614925,0.19307771,0.9370112,290,0.37977254,-0.077153176,0.5325377,0.028954804,0.31605485,-0.12297714,0.87329274,0.06371844,game_type,0.3616933,0.56033045,0.32807863,0.99645466,340,0.30753586,0.054157436,0.5214142,0.03891623,0.34429622,-0.01621759,0.93748474,0.058969915,game_type
ST>FC,0.5908672,0.5774941,0.8825035,1.1492531,880,0.59514326,-0.004276037,0.55285364,0.024640441,0.9319782,-0.049474716,1.1275259,0.021727204,game_type,0.6015148,0.5835736,0.8461673,1.1543831,874,0.5951536,0.0063611865,0.5574741,0.026099503,0.8742401,-0.028072774,1.1263734,0.028009653,game_type
ST>FF,0.76181924,0.6638659,0.88102806,1.1045023,3727,0.7362293,0.025589943,0.6254877,0.03837824,0.83204246,0.0489856,1.0545683,0.04993403,game_type,0.73140365,0.6544899,0.834376,1.0906903,3952,0.7033159,0.028087735,0.6120696,0.042420268,0.783963,0.050412953,1.0339913,0.05669892,game_type
ST>FS,0.4714769,0.56807816,0.6974471,1.0121624,215,0.47441757,-0.0029406548,0.5671747,0.0009034872,0.7019596,-0.004512489,1.0165639,-0.0044014454,game_type,0.47470754,0.6027636,0.6993163,1.1165656,323,0.46194333,0.0127642155,0.5797707,0.022992909,0.7038109,-0.004494548,1.1011763,0.015389323,game_type
ST>KC,0.8909839,0.660453,1.0059199,1.2164752,81,0.761543,0.1294409,0.60676116,0.053691864,0.9433676,0.06255233,1.1388651,0.077610135,game_type,0.72563267,0.55762655,0.91128695,1.0645894,79,0.6733401,0.052292585,0.60469717,-0.047070622,0.9781052,-0.06681824,1.1305944,-0.06600499,game_type
ST>SI,0.50429827,0.59693164,0.5252677,1.0102956,2802,0.6023867,-0.09808844,0.62937176,-0.032440126,0.6308142,-0.105546474,1.053847,-0.043551326,game_type,0.5368918,0.613779,0.52033764,1.0271326,3006,0.60100603,-0.06411421,0.62476736,-0.010988355,0.5908534,-0.07051575,1.0473553,-0.020222664,game_type
ST>SL,0.19514085,0.46895802,0.42271373,0.9856337,561,0.22280149,-0.027660638,0.48186737,-0.012909353,0.47736633,-0.0546526,1.0031921,-0.017558396,game_type,0.2425139,0.5041335,0.47076276,1.07013,589,0.27954605,-0.037032157,0.51093477,-0.0068012476,0.5568632,-0.08610043,1.0774486,-0.007318616,game_type
ST>ST,0.52801436,0.5383424,1.145387,1.2105132,4868,0.5367383,-0.008723915,0.5362602,0.0020822287,1.1850641,-0.039677024,1.1974908,0.013022423,game_type,0.52736294,0.53874314,1.1459911,1.204435,5438,0.53601336,-0.008650422,0.53781134,0.0009317994,1.1876819,-0.041690826,1.2000047,0.004430294,game_type
ST>SV,0.8405657,0.43851733,1.0510646,1.0166385,2,0.6295043,0.21106136,0.38235953,0.056157798,1.2412773,-0.19021273,0.9908335,0.025804996,game_type,-0.53634113,0.66257477,-0.6935645,1.293231,3,0.00042722197,-0.5367684,0.49504495,0.16752982,-0.058745354,-0.63481915,0.96741414,0.32581687,game_type
SV>CH,0.27180308,0.5387648,0.31960085,1.0326248,71,0.36376315,-0.09196007,0.5069748,0.03178996,0.39801654,-0.07841569,0.9249415,0.10768336,game_type,0.2347398,0.5917685,0.26264706,0.99593866,104,0.2281143,0.0066254884,0.4857117,0.10605681,0.28277227,-0.02012521,0.85759985,0.1383388,game_type
SV>CU,0.31766465,0.5878659,0.08101384,1.1702939,12,0.30649218,0.011172473,0.589806,-0.0019401312,0.34531012,-0.2642963,0.94717145,0.22312248,game_type,0.33633617,0.38756156,0.17725608,0.8862565,8,0.17405783,0.16227834,0.45894822,-0.071386665,0.30847365,-0.13121757,0.8351252,0.051131308,game_type
SV>FC,0.54506844,0.69988513,0.9244083,1.3060582,41,0.6022947,-0.05722624,0.5621845,0.13770062,0.89220095,0.03220737,1.099775,0.20628321,game_type,0.34570354,0.43486968,0.6424378,0.8423518,55,0.49573827,-0.15003473,0.40198684,0.03288284,0.6953086,-0.05287081,0.9086496,-0.06629783,game_type
SV>FF,0.86438763,0.7142521,0.84358245,1.0948848,300,0.8100275,0.05436015,0.65559405,0.058658063,0.77611506,0.06746739,1.0381507,0.056734085,game_type,0.7049184,0.6018058,0.6819209,0.96698594,306,0.6666127,0.0383057,0.530176,0.07162982,0.620878,0.061042905,0.86607444,0.1009115,game_type
SV>FS,0.8608504,0.6086725,0.90347177,1.1015295,23,0.9231775,-0.062327087,0.58836997,0.020302534,0.8763749,0.027096868,0.9614309,0.14009857,game_type,0.42697966,0.7552881,0.45758843,1.1549846,51,0.41452163,0.012458026,0.65357095,0.101717174,0.4773858,-0.019797355,1.1624694,-0.0074847937,game_type
SV>SI,0.7200333,0.7381578,0.71031237,1.2534534,153,0.7769307,-0.0568974,0.73239076,0.0057670474,0.7684446,-0.05813223,1.2192883,0.034165025,game_type,0.49494383,0.71885484,0.5576891,1.1615779,246,0.6247566,-0.12981275,0.6967705,0.022084355,0.62400293,-0.06631386,1.1210853,0.040492654,game_type
SV>SL,0.754979,0.63103247,1.1757176,1.1545366,20,0.782182,-0.027202964,0.666145,-0.03511256,1.2799248,-0.10420716,1.2585309,-0.10399425,game_type,0.30719325,0.43721226,0.59460074,1.0809424,17,0.3625661,-0.055372864,0.5047637,-0.067551464,0.6589706,-0.06436986,1.1679858,-0.087043405,game_type
SV>ST,0.9062111,0.50910336,2.1266167,1.1277833,3,0.584499,0.32171208,0.39893097,0.11017239,1.3226025,0.8040142,0.9219504,0.2058329,game_type,0.78366154,0.886455,1.0801888,0.8932891,3,0.013272476,0.7703891,0.660214,0.22624099,0.10083603,0.9793527,1.1645318,-0.27124274,game_type
SV>SV,0.5313674,0.53937787,1.1740377,1.2257545,258,0.5375402,-0.006172776,0.5514816,-0.012103736,1.1980671,-0.024029374,1.2169955,0.008759022,game_type,0.5237193,0.5597823,1.1505141,1.2532612,288,0.5364983,-0.012778997,0.546008,0.013774335,1.197509,-0.046994925,1.219354,0.033907175,game_type
